Id,Date,"Restaurant ID","Restaurant Name",User,Method,Status,Total
68,"2020-10-09 05:56:00",2,Shop1,Demo1,"Cash on Delivery",Canceled,64.27
69,"2020-10-09 06:00:37",3,"SANTA SORATTA Cocina & Eventos",Demo1,"Cash on Delivery",Delivered,63.25
70,"2020-10-09 15:27:57",2,Shop1,Demo1,"Payment USD118.55 Stripe:pi_1HaOTKDH83e5vZsDw3CETIaE",Delivered,218.91
71,"2020-10-09 18:08:43",2,Shop1,Demo1,"Cash on Delivery",Delivered,71.43
73,"2020-10-09 18:45:05",4,"Tortas Don Paco",arjiadinar,"Payment USD41.09 Stripe:pi_1HaRZBDH83e5vZsDfs0WZ0Fb",Received,41.09
74,"2020-10-09 18:48:02",4,"Tortas Don Paco",arjiadinar,"Cash on Delivery",Received,78.99
75,"2020-10-09 22:56:17",3,"SANTA SORATTA Cocina & Eventos",manager1,"Cash on Delivery",Delivered,12.67
76,"2020-10-10 07:09:56",4,"Tortas Don Paco",arjiadinar,"Cash on Delivery",Received,18.65
77,"2020-10-10 10:35:55",3,"SANTA SORATTA Cocina & Eventos",arjiadinar,"Cash on Delivery",Received,11.62
78,"2020-10-10 10:40:28",4,"Tortas Don Paco",arjiadinar,"Cash on Delivery",Delivered,17.69
80,"2020-10-10 15:13:52",3,"SANTA SORATTA Cocina & Eventos",arjiadinar,"Cash on Delivery",Delivered,5.28
82,"2020-10-11 16:32:19",4,"Tortas Don Paco",Demo1,"Cash on Delivery",Ready,76.63
83,"2020-10-12 13:17:01",3,"SANTA SORATTA Cocina & Eventos",Demo1,"Cash on Delivery",Received,21.12
84,"2020-10-13 07:30:40",2,Shop1,Demo1,"Cash on Delivery",Ready,21.87
85,"2020-10-13 14:27:41",2,Shop1,Demo1,"Cash on Delivery",Delivered,24.16
86,"2020-10-13 22:26:48",2,Shop1,Demo1,"Cash on Delivery",Received,139.89
87,"2020-10-16 00:10:27",2,Shop1,Demo1,"Cash on Delivery",Received,23.20
88,"2020-10-16 06:08:06",2,Shop1,Demo1,"Cash on Delivery",Received,36.05
89,"2020-10-17 02:52:10",2,Shop1,Demo1,"Cash on Delivery",Received,14.39
90,"2020-10-17 17:07:02",2,Shop1,Demo1,"Cash on Delivery",Delivered,34.13
91,"2020-10-17 19:07:34",2,Shop1,Demo1,"Cash on Delivery",Delivered,142.43
92,"2020-10-18 11:28:13",2,Shop1,Demo1,"Cash on Delivery",Received,56.50
93,"2020-10-19 10:24:35",2,Shop1,Demo1,"Cash on Delivery",Ready,49.80
95,"2020-10-20 11:07:50",3,"SANTA SORATTA Cocina & Eventos",Demo1,"Cash on Delivery",Delivered,9.68
96,"2020-10-20 11:09:56",2,Shop1,Demo1,"Cash on Delivery",Received,21.42
97,"2020-10-20 11:37:49",2,Shop1,Demo1,"Cash on Delivery",Received,21.42
98,"2020-10-20 11:39:43",2,Shop1,Demo1,"Cash on Delivery",Preparing,21.42
99,"2020-10-20 16:28:57",2,Shop1,Demo1,"Cash on Delivery",Received,19.66
100,"2020-10-20 21:28:51",2,Shop1,Demo1,"Cash on Delivery",Delivered,83.06
101,"2020-10-21 03:05:28",2,Shop1,testdi,"Cash on Delivery",Received,43.64
102,"2020-10-21 08:33:31",2,Shop1,Demo1,"Payment INR44.52 Stripe:pi_1HedkADH83e5vZsDkyCCV1Gz",Ready,44.52
104,"2020-10-21 17:14:34",1,Market,gooo,"Cash on Delivery",Ready,47.69
105,"2020-10-21 17:20:05",2,Shop1,gooo,"Cash on Delivery",Delivered,57.32
106,"2020-10-21 17:38:45",2,Shop1,gooo,"Cash on Delivery",Received,64.20
107,"2020-10-23 11:14:39",2,Shop1,uu,"Cash on Delivery",Received,10.39
108,"2020-10-23 11:39:04",3,"SANTA SORATTA Cocina & Eventos",test,"Cash on Delivery",Received,9.68
109,"2020-10-23 14:44:00",2,Shop1,Demo1,"Cash on Delivery","On the Way",31.78
110,"2020-10-23 14:45:44",2,Shop1,Demo1,"Cash on Delivery",Received,59.96
111,"2020-10-24 06:29:04",2,Shop1,Demo1,"Cash on Delivery",Received,36.86
113,"2020-10-24 13:32:47",2,Shop1,"Darth Vader","Cash on Delivery",Received,22.64
114,"2020-10-24 13:36:28",2,Shop1,"Darth Vader","Cash on Delivery",Received,283.67
123,"2020-10-24 19:21:38",2,Shop1,Demo1,"payment by wallet#11",Received,43.64
124,"2020-10-24 19:25:36",2,Shop1,Demo1,"Cash on Delivery",Ready,44.52
125,"2020-10-25 20:22:21",2,Shop1,Demo1,"Cash on Delivery","On the Way",33.34
126,"2020-10-26 06:27:19",2,Shop1,uu,"Cash on Delivery",Received,19.66
127,"2020-10-26 12:40:06",4,"Tortas Don Paco",Demo1,"Cash on Delivery",Received,12.97
128,"2020-10-26 19:49:38",1,Market,Demo1,wallet#24,Delivered,20.19
130,"2020-10-27 14:55:29",4,"Tortas Don Paco",Demo1,"Cash on Delivery",Received,12.09
131,"2020-10-27 15:01:43",2,Shop1,Demo1,"Cash on Delivery",Received,44.52
132,"2020-10-27 15:02:29",2,Shop1,Demo1,wallet#25,Received,44.52
133,"2020-10-27 19:09:52",2,Shop1,mmm,"Cash on Delivery",Delivered,43.64
134,"2020-10-27 19:40:27",2,Shop1,mmm,"Cash on Delivery",Preparing,20.54
135,"2020-10-27 19:46:36",2,Shop1,mmm,"Cash on Delivery",Preparing,43.64
137,"2020-10-28 01:24:32",2,Shop1,hollo,"Cash on Delivery",Received,156.60
138,"2020-10-28 01:37:40",4,"Tortas Don Paco",hollo,"Cash on Delivery",Received,14.29
139,"2020-10-28 01:37:55",3,"SANTA SORATTA Cocina & Eventos",dahsrileeqa,"Cash on Delivery",Received,10.65
140,"2020-10-28 16:38:13",4,"Tortas Don Paco",Demo1,"Cash on Delivery",Received,28.58
141,"2020-10-29 10:50:34",2,Shop1,Demo1,"Cash on Delivery",Received,10.39
142,"2020-10-29 12:58:03",2,Shop1,Demo1,"Cash on Delivery",Received,109.04
144,"2020-10-30 06:05:26",4,"Tortas Don Paco",temple,"Cash on Delivery",Preparing,14.29
145,"2020-10-30 09:23:37",2,Shop1,temple,"Cash on Delivery",Received,43.64
146,"2020-10-31 09:59:23",2,Shop1,temple,"Cash on Delivery",Received,44.52
147,"2020-10-31 10:03:43",2,Shop1,temple,wallet#27,Received,44.52
148,"2020-10-31 10:06:38",2,Shop1,temple,"Payment INR44.52 Stripe:pi_1HiHvLDH83e5vZsDCtFfymdI",Ready,44.52
149,"2020-10-31 10:07:51",2,Shop1,temple,"Cash on Delivery",Received,44.52
150,"2020-10-31 18:26:12",2,Shop1,Demo1,"Cash on Delivery",Received,20.54
151,"2020-10-31 18:33:41",4,"Tortas Don Paco",Demo1,"Cash on Delivery",Received,12.09
152,"2020-10-31 21:00:03",2,Shop1,Demo1,"Cash on Delivery",Delivered,20.54
153,"2020-11-01 13:57:05",2,Shop1,Demo1,"Cash on Delivery",Canceled,83.11
154,"2020-11-01 16:46:02",1,Market,Demo1,"Cash on Delivery",Received,20.19
155,"2020-11-01 20:10:30",2,Shop1,kos,"Cash on Delivery",Received,52.60
157,"2020-11-01 21:27:33",5,"Can Alegria Paris",Demo1,wallet#29,Received,26.88
158,"2020-11-02 09:45:32",4,"Tortas Don Paco",Demo1,wallet#30,Canceled,12.09
159,"2020-11-02 23:11:40",3,"SANTA SORATTA Cocina & Eventos",bin,"Cash on Delivery",Ready,8.80
163,"2020-11-03 15:46:12",2,Shop1,alex,"Cash on Delivery",Received,60.68
164,"2020-11-03 16:19:00",2,Shop1,alex,"Cash on Delivery",Delivered,69.09
165,"2020-11-03 16:27:05",2,Shop1,alex,"Cash on Delivery",Delivered,118.95
166,"2020-11-03 17:44:38",2,Shop1,alex,"Cash on Delivery",Received,134.97
167,"2020-11-03 18:31:47",4,"Tortas Don Paco",alex,"Cash on Delivery",Preparing,85.80
168,"2020-11-03 18:58:06",2,Shop1,alex,"Cash on Delivery",Received,16.97
169,"2020-11-03 20:33:34",4,"Tortas Don Paco",moustafaalsayeh,"Cash on Delivery",Canceled,9.84
170,"2020-11-03 20:41:56",4,"Tortas Don Paco",moustafaalsayeh,"Cash on Delivery",Received,50.52
171,"2020-11-03 20:48:05",2,Shop1,Demo1,"Cash on Delivery",Received,253.89
172,"2020-11-04 16:23:23",3,"SANTA SORATTA Cocina & Eventos",Demo1,"Cash on Delivery",Delivered,0.00
173,"2020-11-04 21:25:23",2,Shop1,تيتيتتيت,"Cash on Delivery",Delivered,19.66
174,"2020-11-06 12:07:13",2,Shop1,alex,"Cash on Delivery",Canceled,104.66
176,"2020-11-06 13:19:34",2,Shop1,irfabrice2@gmail.com,"Cash on Delivery",Received,31.78
177,"2020-11-06 15:39:38",2,Shop1,alex,"Cash on Delivery",Delivered,27.94
178,"2020-11-06 17:09:21",2,Shop1,ghbj,"Cash on Delivery",Received,88.03
179,"2020-11-06 17:25:41",2,Shop1,alex,"Cash on Delivery",Ready,16.97
180,"2020-11-06 17:40:22",5,"Can Alegria Paris",ghbj,"Cash on Delivery",Ready,50.00
182,"2020-11-06 19:36:15",15,"Can Alegria Paris",Demo1,"Cash on Delivery",Delivered,2.50
184,"2020-11-08 00:46:41",2,Shop1,Demo1,"Cash on Delivery",Received,23.52
185,"2020-11-08 00:48:09",2,Shop1,Demo1,"Cash on Delivery",Delivered,23.52
186,"2020-11-08 03:00:17",1,Market,Demo1,"Cash on Delivery",Canceled,46.57
188,"2020-11-08 11:45:51",3,"SANTA SORATTA Cocina & Eventos",lucas,"Cash on Delivery",Delivered,4.84
191,"2020-11-11 10:11:01",3,"SANTA SORATTA Cocina & Eventos",Demo1,"wallet#Cash on Delivery",Received,101.64
193,"2020-11-11 19:30:06",3,"SANTA SORATTA Cocina & Eventos",gghhh,"Cash on Delivery",Received,4.84
195,"2020-11-11 21:48:20",2,Shop1,Demo1,"Cash on Delivery",Received,31.78
198,"2020-11-12 16:41:11",3,"SANTA SORATTA Cocina & Eventos",Demo1,"Cash on Delivery",Received,16.44
199,"2020-11-12 16:45:38",1,Market,Demo1,"Cash on Delivery",Ready,21.28
201,"2020-11-12 17:31:10",3,"SANTA SORATTA Cocina & Eventos",Demo1,"Cash on Delivery",Received,15.31
203,"2020-11-12 21:32:58",2,Shop1,alex,"Cash on Delivery",Received,533.13
205,"2020-11-13 09:53:21",4,"Tortas Don Paco",kt,"Cash on Delivery",Ready,14.29
206,"2020-11-13 10:33:00",2,Shop1,Demo1,"Cash on Delivery",Received,43.64
207,"2020-11-13 11:41:55",1,Market,Demo1,"PayPal: PAYID-L6XPITY1YH378883T261345X",Received,12.49
208,"2020-11-13 15:10:13",2,Shop1,ghaith,"Cash on Delivery",Received,21.42
209,"2020-11-13 19:01:45",2,Shop1,dfhjt,"Cash on Delivery",Delivered,43.64
210,"2020-11-13 19:11:33",4,"Tortas Don Paco",dfhjt,"Cash on Delivery",Received,14.29
211,"2020-11-13 19:15:33",16,"Tortas Don Paco",dfhjt,"Cash on Delivery",Received,12.10
212,"2020-11-13 19:53:02",2,Shop1,dfhjt,"Cash on Delivery",Received,19.66
213,"2020-11-13 20:06:40",2,Shop1,Demo1,PayStack_1605351850093,Received,20.54
215,"2020-11-14 11:49:57",3,"SANTA SORATTA Cocina & Eventos",Demo1,"Cash on Delivery",Received,10.65
216,"2020-11-14 13:30:11",1,Market,Demo1,"Cash on Delivery","On the Way",17.98
217,"2020-11-14 14:11:45",4,"Tortas Don Paco",Demo1,"Cash on Delivery",Received,16.49
218,"2020-11-14 14:38:29",2,Shop1,Demo1,"Cash on Delivery",Received,44.52
219,"2020-11-14 14:40:06",3,"SANTA SORATTA Cocina & Eventos",Demo1,"Cash on Delivery",Received,10.65
220,"2020-11-14 14:40:45",2,Shop1,Demo1,"Cash on Delivery",Delivered,20.54
222,"2020-11-14 19:39:28",2,Shop1,Demo1,"Cash on Delivery",Received,36.86
223,"2020-11-14 23:00:30",2,Shop1,ghaith,"Cash on Delivery",Received,19.66
224,"2020-11-15 11:05:08",3,"SANTA SORATTA Cocina & Eventos",89225674323,"Cash on Delivery",Received,9.68
225,"2020-11-15 12:13:58",3,"SANTA SORATTA Cocina & Eventos",89225674323,"Cash on Delivery",Received,9.68
226,"2020-11-15 14:34:30",15,"SANTA SORATTA Cocina & Eventos",dfhjt,"Cash on Delivery",Ready,2.50
228,"2020-11-15 20:01:27",2,Shop1,пар,"Cash on Delivery",Delivered,27.13
229,"2020-11-16 17:02:20",1,Market,aldaher88,"Cash on Delivery",Preparing,20.19
230,"2020-11-16 17:43:03",2,Shop1,aldaher88,"Cash on Delivery",Received,94.97
231,"2020-11-16 17:56:53",1,Market,aldaher88,"Cash on Delivery",Ready,12.49
236,"2020-11-17 09:28:04",2,Shop1,fjbfd,"Cash on Delivery",Received,19.66
237,"2020-11-17 09:31:38",2,Shop1,fjbfd,"Cash on Delivery",Received,19.66
241,"2020-11-17 10:49:53",2,Shop1,0778622032,"Cash on Delivery",Received,19.66
242,"2020-11-17 17:44:01",2,Shop1,بتةببق,"Cash on Delivery",Ready,43.64
243,"2020-11-17 18:09:09",1,Market,بتةببق,"Cash on Delivery",Ready,20.18
244,"2020-11-17 18:18:49",2,Shop1,بتةببق,"Cash on Delivery",Received,19.66
245,"2020-11-17 18:50:19",2,Shop1,النلق,"Cash on Delivery",Received,19.66
246,"2020-11-18 04:14:43",1,Market,Demo1,wallet#34,Ready,12.49
248,"2020-11-18 16:20:49",4,"Tortas Don Paco",Demo1,wallet#35,Received,14.30
249,"2020-11-18 20:54:15",4,"Tortas Don Paco",Demo1,"Cash on Delivery",Received,12.09
250,"2020-11-18 20:56:31",2,Shop1,Demo1,"Cash on Delivery",Received,95.85
252,"2020-11-19 07:02:48",2,Shop1,Demo1,"Cash on Delivery",Delivered,19.66
253,"2020-11-19 08:18:07",2,Shop1,Demo1,"Cash on Delivery",Received,19.66
254,"2020-11-19 08:19:55",2,Shop1,Demo1,"Cash on Delivery",Canceled,105.92
255,"2020-11-19 09:10:36",4,"Tortas Don Paco",5zzzz,"Cash on Delivery",Received,57.20
256,"2020-11-19 09:11:20",4,"Tortas Don Paco",5zzzz,"Cash on Delivery",Delivered,42.90
257,"2020-11-19 09:23:30",4,"Tortas Don Paco",5zzzz,"Cash on Delivery",Preparing,71.50
258,"2020-11-19 09:24:50",4,"Tortas Don Paco",5zzzz,"Cash on Delivery",Delivered,71.50
259,"2020-11-19 09:33:44",4,"Tortas Don Paco",5zzzz,"Cash on Delivery",Ready,71.50
260,"2020-11-19 09:46:10",4,"Tortas Don Paco",5zzzz,"Cash on Delivery",Ready,71.50
261,"2020-11-19 09:54:21",4,"Tortas Don Paco",5zzzz,"Cash on Delivery",Received,85.80
262,"2020-11-19 09:55:56",4,"Tortas Don Paco",5zzzz,"Cash on Delivery",Received,71.50
263,"2020-11-19 09:57:05",4,"Tortas Don Paco",5zzzz,"Cash on Delivery",Received,71.50
264,"2020-11-19 10:20:59",2,Shop1,dfhjt,"Cash on Delivery",Received,19.66
265,"2020-11-19 11:05:22",4,"Tortas Don Paco",5zzzz,"Cash on Delivery",Received,71.50
266,"2020-11-19 11:06:30",4,"Tortas Don Paco",5zzzz,"Cash on Delivery",Received,71.50
267,"2020-11-19 11:07:02",4,"Tortas Don Paco",5zzzz,"Cash on Delivery",Received,71.50
268,"2020-11-19 12:10:01",2,Shop1,Demo1,"Cash on Delivery",Received,63.74
269,"2020-11-19 13:02:26",2,Shop1,Demo1,"Cash on Delivery",Delivered,70.64
270,"2020-11-19 14:36:42",2,Shop1,Demo1,"Cash on Delivery",Received,17.63
271,"2020-11-19 14:42:15",2,Shop1,Demo1,"Cash on Delivery",Received,49.30
272,"2020-11-19 18:22:06",1,Market,Demo1,"Cash on Delivery",Received,117.88
273,"2020-11-19 18:58:07",3,"SANTA SORATTA Cocina & Eventos",Demo1,"Cash on Delivery",Canceled,42.40
274,"2020-11-19 21:43:12",4,"Tortas Don Paco",5zzzz,"Cash on Delivery",Delivered,28.60
276,"2020-11-19 23:58:07",1,Market,Demo1,"Cash on Delivery",Canceled,38.68
277,"2020-11-20 01:32:48",4,"Tortas Don Paco",5zzzz,wallet#38,Received,42.87
278,"2020-11-20 01:53:02",4,"Tortas Don Paco",5zzzz,"Cash on Delivery","On the Way",46.30
279,"2020-11-20 05:58:39",4,"Tortas Don Paco",5zzzz,"Cash on Delivery",Received,42.87
280,"2020-11-20 06:50:31",4,"Tortas Don Paco",5zzzz,"Cash on Delivery",Received,42.90
281,"2020-11-20 08:48:07",1,Market,михаил,"Cash on Delivery",Received,20.19
282,"2020-11-20 09:15:57",2,Shop1,михаил,"Cash on Delivery",Received,30.21
283,"2020-11-20 11:38:32",2,Shop1,Demo1,"Cash on Delivery",Received,20.54
284,"2020-11-20 11:41:54",3,"SANTA SORATTA Cocina & Eventos",Demo1,"Cash on Delivery",Delivered,15.31
285,"2020-11-20 12:16:43",3,"SANTA SORATTA Cocina & Eventos",михаил,"Cash on Delivery",Received,15.31
286,"2020-11-20 15:05:21",19,"SANTA SORATTA Cocina & Eventos",Demo1,"Cash on Delivery",Ready,70.10
287,"2020-11-20 17:51:37",2,Shop1,alex,"Cash on Delivery",Received,123.26
288,"2020-11-20 17:52:39",2,Shop1,alex,"Cash on Delivery",Received,139.78
289,"2020-11-21 06:07:21",19,Shop1,Demo1,"Cash on Delivery",Received,350.60
290,"2020-11-21 06:12:06",2,Shop1,Demo1,"Cash on Delivery",Received,43.64
291,"2020-11-21 08:13:15",3,"SANTA SORATTA Cocina & Eventos",Demo1,"Cash on Delivery",Delivered,9.68
292,"2020-11-21 08:32:44",4,"Tortas Don Paco",got,"Cash on Delivery",Received,19.56
293,"2020-11-21 10:25:00",2,Shop1,Demo1,"PayPal: MOJO0b21005A64352612",Received,60.30
294,"2020-11-21 12:13:37",16,Shop1,Demo1,"PayPal: MOJO0b21905A64352613",Received,12.10
295,"2020-11-21 12:15:29",4,"Tortas Don Paco",Demo1,"Cash on Delivery",Delivered,14.29
297,"2020-11-22 00:31:54",4,"Tortas Don Paco",5zzzz,"Cash on Delivery",Delivered,14.29
298,"2020-11-22 00:39:03",4,"Tortas Don Paco",5zzzz,"Cash on Delivery",Delivered,71.45
299,"2020-11-22 09:43:04",5,"Can Alegria Paris",Demo1,"Cash on Delivery",Received,16.21
300,"2020-11-22 09:48:11",4,"Tortas Don Paco",5zzzz,"Cash on Delivery",Delivered,42.87
301,"2020-11-22 11:09:30",16,"Tortas Don Paco",5zzzz,wallet#39,Received,12.10
302,"2020-11-22 23:22:12",16,"Tortas Don Paco",got,"Cash on Delivery",Received,12.10
303,"2020-11-23 02:32:26",20,"BUENOS AIRES POLO CLUB",User,"Cash on Delivery",Received,16.89
305,"2020-11-23 17:35:54",2,Shop1,Demo1,"Cash on Delivery",Received,43.64
307,"2020-11-24 15:12:08",3,"SANTA SORATTA Cocina & Eventos",Demo1,"Cash on Delivery",Delivered,8.79
308,"2020-11-24 15:21:54",3,"SANTA SORATTA Cocina & Eventos",Demo1,"Cash on Delivery",Delivered,98.75
309,"2020-11-24 17:06:17",5,"Can Alegria Paris",Demo1,"Cash on Delivery",Canceled,52.26
310,"2020-11-24 18:28:32",5,"Can Alegria Paris",Demo1,"Cash on Delivery",Received,11.17
311,"2020-11-24 18:34:25",3,"SANTA SORATTA Cocina & Eventos",Demo1,"Cash on Delivery",Ready,38.79
312,"2020-11-24 18:42:40",20,"BUENOS AIRES POLO CLUB",him,wallet#42,Received,69.69
313,"2020-11-25 04:01:37",3,"SANTA SORATTA Cocina & Eventos",User,"Cash on Delivery",Delivered,38.80
314,"2020-11-26 11:24:11",4,"Tortas Don Paco",Demo1,wallet#44,Canceled,37.98
315,"2020-11-26 18:53:26",2,Shop1,uom,"Cash on Delivery",Delivered,34.39
317,"2020-11-27 07:51:44",2,Shop1,Demo1,"Cash on Delivery",Delivered,34.39
318,"2020-11-27 08:21:25",16,Shop1,Demo1,"Cash on Delivery",Received,12.10
319,"2020-11-27 09:24:54",20,"BUENOS AIRES POLO CLUB","Dharmik Patel","Cash on Delivery",Received,33.39
320,"2020-11-27 09:34:49",20,"BUENOS AIRES POLO CLUB","Dharmik Patel","Cash on Delivery",Delivered,12.06
321,"2020-11-27 10:25:13",23,"BUENOS AIRES POLO CLUB","Dharmik Patel","Cash on Delivery",Canceled,22.44
322,"2020-11-27 10:29:43",23,"BUENOS AIRES POLO CLUB","Dharmik Patel","Cash on Delivery",Delivered,44.88
323,"2020-11-27 17:32:41",2,Shop1,Demo1,"Cash on Delivery",Canceled,38.78
324,"2020-11-27 18:15:40",16,Shop1,Demo1,wallet#45,Received,24.20
325,"2020-11-30 11:51:10",16,Shop1,Demo1,"Cash on Delivery",Received,12.10
326,"2020-11-30 20:37:59",16,Shop1,usman,"Cash on Delivery",Received,24.20
327,"2020-12-01 02:47:53",16,Shop1,Demo1,"Cash on Delivery",Canceled,24.20
328,"2020-12-01 02:49:55",4,"Tortas Don Paco",Demo1,"Cash on Delivery",Delivered,15.18
329,"2020-12-01 08:38:02",20,"BUENOS AIRES POLO CLUB",usman,"Cash on Delivery",Canceled,27.24
330,"2020-12-02 09:11:49",4,"Tortas Don Paco",Demo1,"Cash on Delivery",Delivered,16.06
331,"2020-12-02 09:20:19",4,"Tortas Don Paco",ahmed,"Cash on Delivery",Delivered,17.37
332,"2020-12-02 09:54:58",16,"Tortas Don Paco",Demo1,"Cash on Delivery",Received,36.30
334,"2020-12-03 13:13:54",16,"Tortas Don Paco",manager1,"Cash on Delivery",Received,24.20
335,"2020-12-03 13:17:26",3,"SANTA SORATTA Cocina & Eventos",manager1,"Cash on Delivery",Received,62.89
336,"2020-12-03 20:06:28",26,"SANTA SORATTA Cocina & Eventos",suresh,"Cash on Delivery",Delivered,2307.69
337,"2020-12-03 20:29:53",27,"SANTA SORATTA Cocina & Eventos",suresh,"Cash on Delivery",Delivered,1660.00
338,"2020-12-03 20:40:36",26,"SANTA SORATTA Cocina & Eventos",suresh,"Cash on Delivery",Canceled,1153.85
339,"2020-12-03 20:44:16",27,"SANTA SORATTA Cocina & Eventos",suresh,"Cash on Delivery",Delivered,1660.00
340,"2020-12-04 02:46:30",5,"Can Alegria Paris",Demo1,"Cash on Delivery",Delivered,4.65
341,"2020-12-04 02:48:20",5,"Can Alegria Paris",Demo1,"Cash on Delivery",Received,11.66
342,"2020-12-04 05:26:45",26,"Can Alegria Paris",suresh,"Cash on Delivery",Canceled,2297.70
343,"2020-12-04 21:03:52",2,Shop1,Demo1,"Cash on Delivery",Canceled,49.78
344,"2020-12-04 21:29:37",5,"Can Alegria Paris",Demo1,"YandexKassa: 2760a6f4-000f-5000-9000-1423ad00249b",Received,16.21
345,"2020-12-04 23:21:20",2,Shop1,manager1,"Cash on Delivery",Canceled,56.38
347,"2020-12-07 19:42:02",5,"Can Alegria Paris",Demo1,"YandexKassa: 2760ab86-000f-5000-9000-1ecbfc1fd76e",Received,16.12
348,"2020-12-07 20:03:30",16,"Can Alegria Paris",Demo1,"YandexKassa: 2760ac7c-000f-5000-9000-17de480ad53a",Delivered,12.00
349,"2020-12-08 02:28:28",2,Shop1,Demo1,"Cash on Delivery",Received,38.78
350,"2020-12-08 13:59:07",2,Shop1,Demo1,"INSTAMOJO: MOJO0c08705A92184798",Received,38.78
351,"2020-12-08 17:25:18",16,Shop1,Demo1,"YandexKassa: 2761d903-000f-5000-8000-134fcbf548a4",Received,12.00
352,"2020-12-08 17:27:04",16,Shop1,Demo1,"INSTAMOJO: MOJO0c08N05A92184885",Received,24.00
353,"2020-12-09 11:19:26",2,Shop1,Demo1,"Cash on Delivery",Received,34.39
354,"2020-12-09 11:54:11",5,"Can Alegria Paris",Name,"Cash on Delivery",Delivered,16.12
355,"2020-12-09 14:56:34",2,Shop1,uoooo,"Cash on Delivery",Canceled,38.78
356,"2020-12-09 21:20:53",5,"Can Alegria Paris",Name,"Cash on Delivery",Received,16.12
358,"2020-12-09 22:56:08",2,Shop1,test777,"Cash on Delivery",Delivered,38.78
359,"2020-12-10 06:58:41",5,"Can Alegria Paris",Name,"Cash on Delivery",Received,16.12
360,"2020-12-10 06:59:49",5,"Can Alegria Paris",Name,"Cash on Delivery",Received,16.12
361,"2020-12-10 07:00:15",5,"Can Alegria Paris",Name,"Cash on Delivery",Received,16.12
362,"2020-12-10 07:01:13",5,"Can Alegria Paris",Name,"Cash on Delivery",Received,16.12
363,"2020-12-10 07:02:24",5,"Can Alegria Paris",Name,"Cash on Delivery",Received,16.12
364,"2020-12-10 07:03:13",5,"Can Alegria Paris",Name,"Cash on Delivery",Received,16.12
365,"2020-12-10 07:04:16",5,"Can Alegria Paris",Name,"Cash on Delivery",Received,16.12
366,"2020-12-10 07:06:41",5,"Can Alegria Paris",Name,"Cash on Delivery",Received,16.12
367,"2020-12-10 07:12:16",5,"Can Alegria Paris",Name,"Cash on Delivery",Received,16.12
368,"2020-12-10 10:14:20",2,Shop1,Name,"Cash on Delivery",Delivered,34.39
369,"2020-12-10 10:18:15",2,Shop1,Name,"Cash on Delivery",Canceled,34.39
370,"2020-12-10 10:23:00",2,Shop1,Name,"Cash on Delivery",Delivered,34.39
371,"2020-12-10 10:25:35",16,Shop1,Name,"Cash on Delivery",Canceled,12.00
372,"2020-12-10 10:33:35",16,Shop1,Name,"Cash on Delivery",Canceled,12.00
373,"2020-12-10 10:34:58",16,Shop1,Name,"Cash on Delivery",Canceled,12.00
374,"2020-12-10 10:36:20",16,Shop1,Name,"Cash on Delivery",Canceled,12.00
375,"2020-12-10 11:30:34",5,"Can Alegria Paris",Name,"Cash on Delivery",Delivered,16.12
376,"2020-12-10 11:32:04",5,"Can Alegria Paris",Name,"Cash on Delivery",Delivered,16.12
377,"2020-12-10 11:34:06",20,"BUENOS AIRES POLO CLUB",Name,"Cash on Delivery",Delivered,12.06
378,"2020-12-10 13:31:47",20,"BUENOS AIRES POLO CLUB",temple,"Cash on Delivery",Delivered,16.89
379,"2020-12-10 13:35:44",20,"BUENOS AIRES POLO CLUB",temple,"Cash on Delivery",Canceled,13.11
381,"2020-12-10 13:39:30",20,"BUENOS AIRES POLO CLUB",temple,"Cash on Delivery",Canceled,13.11
382,"2020-12-10 13:44:09",20,"BUENOS AIRES POLO CLUB",temple,"Cash on Delivery",Delivered,21.29
383,"2020-12-10 13:44:40",20,"BUENOS AIRES POLO CLUB",temple,"Cash on Delivery",Canceled,13.23
384,"2020-12-10 15:44:00",2,Shop1,temple,"Cash on Delivery",Ready,68.53
385,"2020-12-10 15:47:55",2,Shop1,temple,"Cash on Delivery",Canceled,67.65
386,"2020-12-11 15:43:13",20,"BUENOS AIRES POLO CLUB",Demo1,"Cash on Delivery",Canceled,16.70
387,"2020-12-13 10:46:16",20,"BUENOS AIRES POLO CLUB",Demo1,"Cash on Delivery",Canceled,59.78
388,"2020-12-13 11:39:29",16,"BUENOS AIRES POLO CLUB",Demo1,"Cash on Delivery",Delivered,12.10
389,"2020-12-14 16:18:55",16,"BUENOS AIRES POLO CLUB",Ruby,"Cash on Delivery",Delivered,72.00
390,"2020-12-14 17:10:23",20,"BUENOS AIRES POLO CLUB",Demo1,"Cash on Delivery",Delivered,26.59
391,"2020-12-14 22:36:22",2,Shop1,Ruby,"Cash on Delivery",Delivered,34.39
392,"2020-12-15 01:10:10",20,"BUENOS AIRES POLO CLUB",Demo1,"Cash on Delivery",Delivered,159.24
393,"2020-12-15 02:21:15",20,"BUENOS AIRES POLO CLUB",Demo1,"Cash on Delivery",Canceled,50.59
394,"2020-12-15 02:39:43",2,Shop1,Demo1,"Cash on Delivery",Delivered,113.23
395,"2020-12-15 02:42:37",16,Shop1,Demo1,"Cash on Delivery",Delivered,12.00
396,"2020-12-15 13:49:58",16,Shop1,suraj911113,"Cash on Delivery",Ready,12.00
397,"2020-12-15 20:19:43",2,Shop1,ka,"Cash on Delivery",Delivered,34.19
398,"2020-12-15 20:27:28",20,"BUENOS AIRES POLO CLUB",ka,"Cash on Delivery",Ready,16.72
399,"2020-12-15 20:37:39",16,"BUENOS AIRES POLO CLUB",ka,"Cash on Delivery",Canceled,11.50
400,"2020-12-15 20:47:15",20,"BUENOS AIRES POLO CLUB",ka,"Cash on Delivery",Delivered,26.98
401,"2020-12-15 20:51:00",2,Shop1,ka,"Cash on Delivery",Canceled,46.21
402,"2020-12-15 21:27:05",5,"Can Alegria Paris",ka,"Cash on Delivery",Delivered,15.43
403,"2020-12-15 21:32:12",2,Shop1,ka,"Cash on Delivery",Delivered,34.19
404,"2020-12-15 21:59:07",2,Shop1,ka,"Cash on Delivery",Ready,34.19
405,"2020-12-15 19:23:12",2,Shop1,ka,"Cash on Delivery",Delivered,45.06
406,"2020-12-15 19:24:11",2,Shop1,ka,"Cash on Delivery",Delivered,45.06
407,"2020-12-15 19:24:26",2,Shop1,ka,"Cash on Delivery",Delivered,45.06
408,"2020-12-15 19:24:54",2,Shop1,ka,"Cash on Delivery",Delivered,45.06
409,"2020-12-15 19:25:50",2,Shop1,ka,"Cash on Delivery",Canceled,45.06
410,"2020-12-15 14:45:29",3,"SANTA SORATTA Cocina & Eventos",Demo1,"Cash on Delivery",Received,135.00
411,"2020-12-15 15:51:38",3,"SANTA SORATTA Cocina & Eventos",Demo1,"Cash on Delivery",Received,135.00
412,"2020-12-15 15:51:45",3,"SANTA SORATTA Cocina & Eventos",Demo1,"Cash on Delivery",Received,135.00
413,"2020-12-15 15:51:54",3,"SANTA SORATTA Cocina & Eventos",Demo1,"Cash on Delivery",Received,135.00
414,"2020-12-15 15:54:02",3,"SANTA SORATTA Cocina & Eventos",Demo1,"Cash on Delivery",Received,135.00
415,"2020-12-15 15:54:18",20,"BUENOS AIRES POLO CLUB",ka,"Cash on Delivery",Received,12.94
416,"2020-12-15 15:54:40",3,"SANTA SORATTA Cocina & Eventos",Demo1,"Cash on Delivery",Received,135.00
417,"2020-12-15 15:55:30",20,"BUENOS AIRES POLO CLUB",ka,"Cash on Delivery",Delivered,12.94
418,"2020-12-15 15:58:02",3,"SANTA SORATTA Cocina & Eventos",Demo1,"Cash on Delivery",Received,135.00
419,"2020-12-15 17:10:15",2,Shop1,ka,"Cash on Delivery",Ready,34.19
420,"2020-12-15 17:34:29",3,"SANTA SORATTA Cocina & Eventos",Demo1,"Cash on Delivery",Delivered,34.20
421,"2020-12-15 17:44:04",16,"SANTA SORATTA Cocina & Eventos",Demo1,wallet#67,Ready,11.50
422,"2020-12-15 17:47:26",16,"SANTA SORATTA Cocina & Eventos",Demo1,wallet#67,Received,11.50
423,"2020-12-15 17:47:26",16,"SANTA SORATTA Cocina & Eventos",Demo1,wallet#67,Received,11.50
424,"2020-12-15 17:47:26",16,"SANTA SORATTA Cocina & Eventos",Demo1,wallet#67,Delivered,11.50
425,"2020-12-15 23:28:01",3,"SANTA SORATTA Cocina & Eventos",Demo1,"Cash on Delivery",Ready,110.67
426,"2020-12-15 23:36:11",3,"SANTA SORATTA Cocina & Eventos",Demo1,"Cash on Delivery",Canceled,110.67
427,"2020-12-16 10:27:06",2,Shop1,ka,"Cash on Delivery",Ready,54.62
428,"2020-12-16 11:28:21",2,Shop1,ka,"Cash on Delivery",Delivered,45.06
429,"2020-12-16 11:45:59",2,Shop1,ka,"Cash on Delivery",Delivered,45.06
430,"2020-12-16 11:48:42",2,Shop1,ka,"Cash on Delivery",Canceled,65.94
431,"2020-12-16 16:47:06",2,Shop1,ka,"Cash on Delivery",Delivered,45.06
432,"2020-12-16 19:53:45",2,Shop1,ka,"Cash on Delivery",Delivered,76.01
433,"2020-12-16 21:05:56",2,Shop1,valter,"Cash on Delivery",Delivered,45.99
434,"2020-12-16 22:11:12",2,Shop1,ka,"Cash on Delivery",Delivered,76.01
435,"2020-12-17 01:02:03",2,Shop1,Demo1,PayStack_1608163357443,Delivered,151.67
437,"2020-12-17 13:53:45",20,"BUENOS AIRES POLO CLUB",Demo1,"Cash on Delivery",Received,25.55
438,"2020-12-17 15:27:07",3,"SANTA SORATTA Cocina & Eventos",devraajrohit,"Cash on Delivery",Ready,38.40
439,"2020-12-17 22:35:43",20,"BUENOS AIRES POLO CLUB",Ruby,"Cash on Delivery",Delivered,34.78
440,"2020-12-18 00:49:03",2,Shop1,ka,"Cash on Delivery",Delivered,148.31
441,"2020-12-18 04:31:08",16,Shop1,Demo1,"Cash on Delivery",Delivered,11.50
442,"2020-12-18 11:59:38",16,Shop1,Demo1,"Cash on Delivery",Delivered,11.50
443,"2020-12-18 14:37:06",4,"Tortas Don Paco",Demo1,"Cash on Delivery",Delivered,10.49
444,"2020-12-18 15:01:51",2,Shop1,Demo1,"Cash on Delivery",Delivered,42.57
445,"2020-12-18 15:52:33",2,Shop1,ka,"Cash on Delivery",Received,77.81
446,"2020-12-18 17:44:02",2,Shop1,Demo1,"Cash on Delivery",Received,93.35
447,"2020-12-18 21:25:29",2,Shop1,Demo1,"Cash on Delivery",Received,93.35
448,"2020-12-18 21:25:49",2,Shop1,Demo1,"Cash on Delivery",Received,93.35
449,"2020-12-18 21:26:27",2,Shop1,Demo1,"Cash on Delivery",Received,93.35
450,"2020-12-18 21:26:58",2,Shop1,Demo1,"Cash on Delivery",Received,93.35
451,"2020-12-18 21:28:12",5,"Can Alegria Paris",Demo1,"Cash on Delivery",Canceled,9.98
453,"2020-12-18 22:01:36",2,Shop1,Demo1,"Cash on Delivery","On the Way",36.60
454,"2020-12-18 22:10:26",2,Shop1,ka,"Cash on Delivery",Received,33.99
455,"2020-12-18 22:13:28",2,Shop1,ka,"Cash on Delivery",Delivered,98.46
456,"2020-12-19 02:59:26",2,Shop1,devraajrohit,"Cash on Delivery",Delivered,203.57
457,"2020-12-19 19:07:51",2,Shop1,ka,"Cash on Delivery",Delivered,34.39
458,"2020-12-21 10:42:02",2,Shop1,Demo1,"Cash on Delivery",Received,59.44
459,"2020-12-21 20:48:32",2,Shop1,ka,"Cash on Delivery",Received,34.39
460,"2020-12-21 20:49:19",2,Shop1,ka,"Cash on Delivery",Canceled,34.39
461,"2020-12-21 22:30:49",2,Shop1,kk,"Cash on Delivery",Canceled,143.56
462,"2020-12-21 22:52:50",5,"Can Alegria Paris",kk,"Cash on Delivery",Received,13.90
465,"2020-12-23 21:25:37",20,"BUENOS AIRES POLO CLUB",Demo1,"Cash on Delivery",Delivered,186.40
466,"2020-12-24 03:56:15",2,Shop1,Demo1,"Cash on Delivery",Delivered,44.34
467,"2020-12-24 07:34:42",4,"Tortas Don Paco",twstet,"Cash on Delivery",Delivered,2501.10
469,"2020-12-24 22:55:47",2,Shop1,Demo1,"Cash on Delivery",Delivered,44.34
470,"2020-12-24 22:57:49",2,Shop1,Demo1,"Cash on Delivery",Delivered,44.34
471,"2020-12-25 08:17:36",16,Shop1,Demo1,"Cash on Delivery",Received,12.00
472,"2020-12-25 23:47:29",4,"Tortas Don Paco",tootoo,"Cash on Delivery",Delivered,33.18
473,"2020-12-25 23:59:41",5,"Can Alegria Paris",tootoo,"Cash on Delivery",Delivered,33.84
474,"2020-12-27 18:33:21",16,"Can Alegria Paris",emran,"Cash on Delivery",Delivered,11.00
476,"2020-12-29 18:43:33",20,"BUENOS AIRES POLO CLUB",Demo1,"Cash on Delivery",Ready,12.01
477,"2020-12-29 18:58:49",5,"Can Alegria Paris",Demo1,"Cash on Delivery",Delivered,5.80
478,"2020-12-29 19:02:10",5,"Can Alegria Paris",Demo1,"Cash on Delivery",Canceled,11.36
479,"2020-12-29 19:04:05",5,"Can Alegria Paris",Demo1,"Cash on Delivery",Canceled,4.63
480,"2020-12-29 20:19:23",2,Shop1,User,"Cash on Delivery",Delivered,70.73
481,"2020-12-29 22:33:38",2,Shop1,Demo1,"Cash on Delivery",Received,98.75
482,"2020-12-31 05:30:27",2,Shop1,User,"Cash on Delivery",Delivered,99.44
484,"2021-01-01 19:20:00",5,"Can Alegria Paris",User,"Cash on Delivery",Delivered,22.19
485,"2021-01-02 11:41:14",16,"Can Alegria Paris",User,"Cash on Delivery",Received,104.39
487,"2021-01-03 13:24:20",4,"Tortas Don Paco",Demo1,"Cash on Delivery",Received,50.55
488,"2021-01-04 15:06:11",4,"Tortas Don Paco",Demo1,"Cash on Delivery",Received,50.55
489,"2021-01-04 18:40:47",2,Shop1,Demo1,"Cash on Delivery",Received,44.63
490,"2021-01-04 18:41:38",20,"BUENOS AIRES POLO CLUB",Demo1,"Cash on Delivery",Received,15.28
492,"2021-01-04 22:07:51",20,"BUENOS AIRES POLO CLUB",Demo1,"Cash on Delivery",Canceled,17.95
493,"2021-01-05 07:11:34",4,"Tortas Don Paco",Demo1,"Cash on Delivery",Ready,4.59
494,"2021-01-05 11:11:30",2,Shop1,Demo1,"Cash on Delivery",Received,43.75
496,"2021-01-05 17:15:15",2,Shop1,Demo1,"Cash on Delivery",Received,43.75
497,"2021-01-05 17:15:22",2,Shop1,Demo1,"Cash on Delivery",Received,43.75
498,"2021-01-05 17:15:37",2,Shop1,Demo1,"Cash on Delivery",Delivered,43.75
499,"2021-01-05 17:17:15",16,Shop1,Demo1,"Cash on Delivery",Delivered,8.39
502,"2021-01-06 18:43:36",16,Shop1,roooo,"Cash on Delivery",Delivered,8.39
503,"2021-01-06 19:53:14",2,Shop1,Demo1,"Cash on Delivery",Canceled,109.75
504,"2021-01-07 15:06:20",2,Shop1,Demo1,"Cash on Delivery",Received,59.00
505,"2021-01-07 14:21:21",3,"SANTA SORATTA Cocina & Eventos",Demo1,"Cash on Delivery",Canceled,53.18
506,"2021-01-07 14:21:40",20,"BUENOS AIRES POLO CLUB",roooo,"Cash on Delivery",Canceled,127.08
507,"2021-01-07 14:27:32",4,"Tortas Don Paco",roooo,"Cash on Delivery",Canceled,4.83
508,"2021-01-07 14:28:51",2,Shop1,Demo1,"Cash on Delivery",Canceled,53.77
509,"2021-01-07 14:31:29",2,Shop1,Demo1,"Cash on Delivery",Delivered,69.71
510,"2021-01-08 10:17:04",16,Shop1,Demo1,"Cash on Delivery",Delivered,8.81
511,"2021-01-08 16:17:21",2,Shop1,Demo1,"Cash on Delivery",Delivered,47.56
512,"2021-01-08 16:34:57",2,Shop1,Demo1,"Cash on Delivery",Canceled,151.90
513,"2021-01-08 18:21:32",20,"BUENOS AIRES POLO CLUB",Demo1,"Cash on Delivery",Delivered,110.36
515,"2021-01-10 15:37:04",3,"SANTA SORATTA Cocina & Eventos",Demo1,"Cash on Delivery",Delivered,36.95
516,"2021-01-10 15:41:30",5,"Can Alegria Paris",Demo1,"Cash on Delivery",Canceled,16.58
517,"2021-01-10 21:07:40",16,"Can Alegria Paris",super,"Cash on Delivery",Canceled,8.81
519,"2021-01-11 07:57:21",2,Shop1,Demo1,"Cash on Delivery",Delivered,73.26
520,"2021-01-12 09:38:09",16,Shop1,"Bassem Algeria","Cash on Delivery",Canceled,17.61
521,"2021-01-12 09:41:15",20,"BUENOS AIRES POLO CLUB","Bassem Algeria","Cash on Delivery",Canceled,28.66
522,"2021-01-12 13:04:56",20,"BUENOS AIRES POLO CLUB",kokoko,"Cash on Delivery",Delivered,133.79
523,"2021-01-12 16:05:25",4,"Tortas Don Paco",Demo1,"Cash on Delivery",Delivered,32.49
524,"2021-01-12 16:41:37",2,Shop1,Demo1,"Cash on Delivery",Ready,69.71
525,"2021-01-13 01:21:48",2,Shop1,Demo1,"Cash on Delivery",Delivered,128.83
527,"2021-01-14 08:00:30",16,Shop1,"Aswan Elias","Cash on Delivery",Ready,17.61
531,"2021-01-15 13:53:08",4,"Tortas Don Paco",Demo1,"Cash on Delivery",Received,4.03
532,"2021-01-16 02:36:42",20,"BUENOS AIRES POLO CLUB",valter,"Cash on Delivery",Preparing,48.62
533,"2021-01-16 09:22:44",5,"Can Alegria Paris",Demo1,"Cash on Delivery",Delivered,13.16
534,"2021-01-16 17:43:09",5,"Can Alegria Paris",Demo1,"Cash on Delivery",Received,42.16
535,"2021-01-18 04:49:38",20,"BUENOS AIRES POLO CLUB",Demo1,"Cash on Delivery",Received,25.47
536,"2021-01-18 04:58:39",5,"Can Alegria Paris",Demo1,"Cash on Delivery",Ready,16.58
537,"2021-01-18 07:03:16",2,Shop1,Demo1,"Cash on Delivery",Received,33.47
539,"2021-01-19 18:40:37",5,"Can Alegria Paris",baher,"Cash on Delivery",Delivered,24.38
540,"2021-01-19 18:44:22",16,"Can Alegria Paris",baher,"Cash on Delivery",Received,8.81
541,"2021-01-19 19:21:42",16,"Can Alegria Paris",kokoko,"Cash on Delivery",Delivered,8.81
542,"2021-01-19 20:42:49",2,Shop1,kokoko,"Cash on Delivery",Delivered,218.60
543,"2021-01-19 21:17:24",5,"Can Alegria Paris",sayana,"Cash on Delivery",Delivered,158.44
544,"2021-01-19 21:24:08",5,"Can Alegria Paris",sayana,"Cash on Delivery",Delivered,151.13
545,"2021-01-20 12:41:33",16,"Can Alegria Paris",sayana,"Cash on Delivery",Delivered,17.61
546,"2021-01-20 12:44:03",5,"Can Alegria Paris",sayana,"Cash on Delivery",Canceled,48.79
547,"2021-01-20 16:18:18",16,"Can Alegria Paris",Ruby,"Cash on Delivery",Delivered,8.81
548,"2021-01-20 16:24:48",20,"BUENOS AIRES POLO CLUB",Ruby,"Cash on Delivery",Delivered,109.76
549,"2021-01-20 20:15:56",4,"Tortas Don Paco",Ruby,"Cash on Delivery",Delivered,24.35
550,"2021-01-21 01:36:22",20,"BUENOS AIRES POLO CLUB",Demo1,"Cash on Delivery",Received,17.43
551,"2021-01-21 09:38:11",20,"BUENOS AIRES POLO CLUB",baher,"Cash on Delivery",Delivered,32.76
552,"2021-01-21 10:10:10",16,"BUENOS AIRES POLO CLUB",Ruby,"Cash on Delivery",Delivered,8.81
553,"2021-01-21 17:54:46",2,Shop1,Ruby,"Cash on Delivery",Delivered,33.47
554,"2021-01-21 18:16:45",2,Shop1,Mago,"Cash on Delivery",Canceled,1623.21
555,"2021-01-21 20:20:22",2,Shop1,Mago,"Cash on Delivery",Delivered,61.22
556,"2021-01-21 21:10:14",2,Shop1,Mago,"Cash on Delivery",Received,94.80
558,"2021-01-23 08:32:14",2,Shop1,Ruby,"Cash on Delivery",Ready,118.82
560,"2021-01-23 10:47:32",2,Shop1,"Phạm Tường Vy","Cash on Delivery",Received,46.63
561,"2021-01-23 15:36:35",4,"Tortas Don Paco",Demo1,"Cash on Delivery",Received,4.03
562,"2021-01-23 17:48:57",16,"Tortas Don Paco",Ruby,"Cash on Delivery",Delivered,8.81
563,"2021-01-23 19:27:27",16,"Tortas Don Paco",Demo1,"Cash on Delivery",Received,8.81
564,"2021-01-24 20:27:13",5,"Can Alegria Paris",baher,"Cash on Delivery",Delivered,9.74
565,"2021-01-25 00:16:35",20,"BUENOS AIRES POLO CLUB",Demo1,"Cash on Delivery",Received,18.74
566,"2021-01-25 10:01:37",16,"BUENOS AIRES POLO CLUB",Demo1,"Cash on Delivery",Received,8.81
567,"2021-01-25 10:02:24",5,"Can Alegria Paris",Demo1,"Cash on Delivery",Received,12.19
568,"2021-01-25 10:37:26",2,Shop1,baher,"Cash on Delivery",Received,86.84
569,"2021-01-25 10:38:25",2,Shop1,baher,"Cash on Delivery",Received,34.63
570,"2021-01-25 11:28:47",4,"Tortas Don Paco",Demo1,"Cash on Delivery",Delivered,9.66
572,"2021-01-26 00:05:48",16,"Tortas Don Paco",Demo1,"Cash on Delivery",Delivered,8.81
573,"2021-01-26 00:52:27",3,"SANTA SORATTA Cocina & Eventos",Demo1,"Cash on Delivery",Delivered,34.64
576,"2021-01-26 20:54:35",3,"SANTA SORATTA Cocina & Eventos",Demo1,"Cash on Delivery",Delivered,34.64
577,"2021-01-26 21:55:02",5,"Can Alegria Paris","Baher Al Kilani","Cash on Delivery",Received,6.82
578,"2021-01-27 03:31:57",5,"Can Alegria Paris",Demo1,"Cash on Delivery",Received,29.26
579,"2021-01-27 03:34:51",20,"BUENOS AIRES POLO CLUB",Demo1,"Cash on Delivery",Received,28.58
580,"2021-01-27 03:42:28",3,"SANTA SORATTA Cocina & Eventos",Demo1,"Cash on Delivery",Delivered,55.51
581,"2021-01-27 14:52:49",20,"BUENOS AIRES POLO CLUB",Demo1,"Cash on Delivery",Canceled,18.74
582,"2021-01-27 18:15:48",3,"SANTA SORATTA Cocina & Eventos",Demo1,"Cash on Delivery",Canceled,64.77
583,"2021-01-27 18:18:07",5,"Can Alegria Paris",Demo1,"Cash on Delivery",Preparing,12.19
584,"2021-01-27 19:15:23",5,"Can Alegria Paris",Demo1,"Cash on Delivery",Delivered,35.74
585,"2021-01-27 21:02:21",2,Shop1,"Baher Al Kilani","Cash on Delivery",Received,118.23
586,"2021-01-28 13:53:50",2,Shop1,"Baher Al Kilani","Cash on Delivery",Canceled,77.21
587,"2021-01-29 17:45:54",3,"SANTA SORATTA Cocina & Eventos",Demo1,"Cash on Delivery",Delivered,39.34
588,"2021-01-30 03:08:51",3,"SANTA SORATTA Cocina & Eventos",Demo1,"Cash on Delivery",Canceled,36.09
589,"2021-01-30 03:13:14",3,"SANTA SORATTA Cocina & Eventos",Demo1,"Cash on Delivery",Delivered,41.33
590,"2021-01-30 08:30:57",5,"Can Alegria Paris",Demo1,"Cash on Delivery",Delivered,11.09
592,"2021-01-31 10:11:23",3,"SANTA SORATTA Cocina & Eventos",Demo1,"Cash on Delivery",Ready,36.29
593,"2021-01-31 14:51:22",3,"SANTA SORATTA Cocina & Eventos",Demo1,"Cash on Delivery",Delivered,38.40
594,"2021-01-31 16:01:08",3,"SANTA SORATTA Cocina & Eventos",Demo1,"Cash on Delivery",Delivered,51.00
595,"2021-01-31 20:22:56",20,"BUENOS AIRES POLO CLUB",Demo1,"Cash on Delivery",Received,11.78
596,"2021-02-01 02:12:04",3,"SANTA SORATTA Cocina & Eventos","Baher Al Kilani","Cash on Delivery",Delivered,80.32
597,"2021-02-01 19:04:29",3,"SANTA SORATTA Cocina & Eventos",Demo1,"Cash on Delivery",Ready,34.20
599,"2021-02-01 21:16:31",5,"Can Alegria Paris",lijas,"Cash on Delivery",Received,26.38
600,"2021-02-05 00:23:36",5,"Can Alegria Paris",Demo1,"Cash on Delivery",Delivered,4.43
601,"2021-02-07 06:03:52",3,"SANTA SORATTA Cocina & Eventos",Demo1,"Cash on Delivery",Delivered,63.56
602,"2021-02-07 16:32:41",5,"Can Alegria Paris",Demo1,"Cash on Delivery",Canceled,11.09
603,"2021-02-07 16:34:24",20,"BUENOS AIRES POLO CLUB",Demo1,"Cash on Delivery",Received,16.66
604,"2021-02-08 02:04:10",2,Shop1,"Fredy Rojas","Cash on Delivery",Delivered,36.97
605,"2021-02-08 15:14:07",5,"Can Alegria Paris","Madhusudhan Myaderi","Cash on Delivery",Received,35.67
606,"2021-02-09 13:26:41",5,"Can Alegria Paris",Demo1,"Cash on Delivery",Delivered,22.18
607,"2021-02-10 01:50:23",20,"BUENOS AIRES POLO CLUB",ro@kid.com,"Cash on Delivery",Received,17.72
608,"2021-02-10 01:56:46",20,"BUENOS AIRES POLO CLUB",ro@kid.com,"Cash on Delivery",Delivered,42.50
609,"2021-02-10 02:00:54",5,"Can Alegria Paris","Cynthia Portia Siluma","Cash on Delivery",Received,6.20
611,"2021-02-10 13:49:30",42,"Can Alegria Paris",Demo1,"Cash on Delivery",Delivered,21.05
612,"2021-02-10 18:38:54",3,"SANTA SORATTA Cocina & Eventos","Kiwi Plastic","Cash on Delivery",Delivered,41.34
613,"2021-02-10 19:12:01",2,Shop1,"Mohamed abdelazeem","Cash on Delivery",Delivered,36.97
615,"2021-02-11 14:40:27",20,"BUENOS AIRES POLO CLUB",Admin,"Cash on Delivery",Received,26.34
616,"2021-02-11 17:23:18",5,"Can Alegria Paris","association ouardanine","Cash on Delivery",Received,14.66
617,"2021-02-11 18:00:25",42,"Can Alegria Paris",Demo1,"Cash on Delivery",Delivered,21.05
618,"2021-02-11 18:05:02",20,"BUENOS AIRES POLO CLUB",Demo1,"Cash on Delivery",Ready,17.63
619,"2021-02-11 18:08:48",38,"BUENOS AIRES POLO CLUB","association ouardanine","Cash on Delivery",Ready,6.30
620,"2021-02-11 18:12:57",38,"BUENOS AIRES POLO CLUB","association ouardanine","Cash on Delivery",Delivered,12.60
621,"2021-02-11 18:26:19",3,"SANTA SORATTA Cocina & Eventos","association ouardanine","Cash on Delivery",Delivered,21.38
622,"2021-02-11 18:39:58",43,"SANTA SORATTA Cocina & Eventos",wissem,"Cash on Delivery",Canceled,9.40
625,"2021-02-12 12:05:22",3,"SANTA SORATTA Cocina & Eventos",mo,"Cash on Delivery",Canceled,10.79
626,"2021-02-12 20:28:14",3,"SANTA SORATTA Cocina & Eventos",Demo1,"Cash on Delivery",Delivered,8.09
627,"2021-02-14 11:12:48",3,"SANTA SORATTA Cocina & Eventos",aaa,"Cash on Delivery",Delivered,9.17
628,"2021-02-14 11:41:54",3,"SANTA SORATTA Cocina & Eventos",aaa,"Cash on Delivery",Canceled,15.66
629,"2021-02-14 11:47:23",3,"SANTA SORATTA Cocina & Eventos",aaa,"Cash on Delivery",Canceled,13.22
630,"2021-02-14 11:49:11",3,"SANTA SORATTA Cocina & Eventos",aaa,"Cash on Delivery",Delivered,29.12
631,"2021-02-14 14:15:54",3,"SANTA SORATTA Cocina & Eventos",aaa,"Cash on Delivery",Delivered,12.96
632,"2021-02-14 19:38:19",3,"SANTA SORATTA Cocina & Eventos",aaa,"Cash on Delivery",Delivered,18.87
633,"2021-02-14 19:40:32",2,Shop1,aaa,"Cash on Delivery",Ready,36.97
634,"2021-02-14 19:43:44",5,"Can Alegria Paris",aaa,"Cash on Delivery",Delivered,22.18
635,"2021-02-14 19:44:27",3,"SANTA SORATTA Cocina & Eventos",aaa,"Cash on Delivery",Delivered,10.52
636,"2021-02-14 22:50:27",3,"SANTA SORATTA Cocina & Eventos",aaa,"Cash on Delivery",Delivered,10.80
637,"2021-02-14 22:55:46",3,"SANTA SORATTA Cocina & Eventos",aaa,"Cash on Delivery",Delivered,8.07
638,"2021-02-15 06:30:32",5,"Can Alegria Paris",Demo1,"Cash on Delivery",Ready,11.09
639,"2021-02-15 13:07:58",20,"BUENOS AIRES POLO CLUB",Demo1,"Cash on Delivery",Delivered,11.83
641,"2021-02-15 23:38:47",3,"SANTA SORATTA Cocina & Eventos","association ouardanine","Cash on Delivery",Delivered,5.40
642,"2021-02-17 16:19:20",3,"SANTA SORATTA Cocina & Eventos","association ouardanine","Cash on Delivery",Delivered,2.02
647,"2021-02-20 22:22:02",2,Shop1,meetrajib@gmail.com,"Cash on Delivery",Ready,139.38
648,"2021-02-21 05:29:30",5,"Can Alegria Paris","Love Kahlon","Cash on Delivery",Delivered,11.09
651,"2021-02-22 12:03:44",5,"Can Alegria Paris",Demo1,"Cash on Delivery",Delivered,11.09
652,"2021-02-22 21:51:07",4,"Tortas Don Paco","Murat Dilsiz","Cash on Delivery",Ready,13.17
653,"2021-02-22 23:28:15",46,"Tortas Don Paco",Demo1,"Cash on Delivery",Canceled,22.94
654,"2021-02-23 05:16:31",3,"SANTA SORATTA Cocina & Eventos",Demo1,"Cash on Delivery",Ready,7.29
655,"2021-02-23 05:56:42",46,"SANTA SORATTA Cocina & Eventos",Demo1,"Cash on Delivery",Delivered,39.90
656,"2021-02-23 11:29:44",5,"Can Alegria Paris",Demo1,"Cash on Delivery",Delivered,11.09
657,"2021-02-23 12:22:32",5,"Can Alegria Paris",Demo1,"Cash on Delivery",Delivered,11.09
659,"2021-02-23 20:59:19",3,"SANTA SORATTA Cocina & Eventos",Demo1,"Cash on Delivery",Delivered,19.86
660,"2021-02-24 12:30:07",5,"Can Alegria Paris",Arya,"Cash on Delivery",Received,11.09
662,"2021-02-24 12:39:47",48,"Can Alegria Paris","Dogumentary on breeds","Cash on Delivery",Preparing,240.00
664,"2021-02-25 07:28:29",4,"Tortas Don Paco",Demo1,"Cash on Delivery",Canceled,4.78
665,"2021-02-25 11:20:20",20,"BUENOS AIRES POLO CLUB",Demo1,"Cash on Delivery",Delivered,61.56
666,"2021-02-25 12:37:45",2,Shop1,Demo1,"Cash on Delivery",Received,5.39
667,"2021-02-25 14:44:59",5,"Can Alegria Paris",Demo1,"Cash on Delivery","On the Way",68.81
670,"2021-02-28 15:23:58",5,"Can Alegria Paris",Demo1,"Cash on Delivery","On the Way",73.45
671,"2021-03-02 10:34:37",3,"SANTA SORATTA Cocina & Eventos",Demo1,CashOnDeivery,Received,8.40
672,"2021-03-02 13:16:44",3,"SANTA SORATTA Cocina & Eventos",Demo1,CashOnDeivery,Received,9.24
673,"2021-03-03 11:05:42",3,"SANTA SORATTA Cocina & Eventos",Demo1,CashOnDeivery,Received,9.24
674,"2021-03-03 11:06:57",3,"SANTA SORATTA Cocina & Eventos",Demo1,CashOnDeivery,Received,9.24
675,"2021-03-03 11:07:31",3,"SANTA SORATTA Cocina & Eventos",Demo1,CashOnDeivery,Received,9.24
676,"2021-03-03 11:07:47",3,"SANTA SORATTA Cocina & Eventos",Demo1,CashOnDeivery,Received,9.24
677,"2021-03-03 11:11:10",3,"SANTA SORATTA Cocina & Eventos",Demo1,CashOnDeivery,Received,62.58
678,"2021-03-03 11:12:33",3,"SANTA SORATTA Cocina & Eventos",Demo1,CashOnDeivery,Received,62.58
679,"2021-03-03 14:28:10",3,"SANTA SORATTA Cocina & Eventos",Demo1,CashOnDeivery,Received,105.00
680,"2021-03-03 14:31:29",3,"SANTA SORATTA Cocina & Eventos",Demo1,CashOnDeivery,Received,105.00
681,"2021-03-03 15:02:27",3,"SANTA SORATTA Cocina & Eventos",Demo1,CashOnDeivery,Received,107.53
682,"2021-03-03 17:26:09",3,"SANTA SORATTA Cocina & Eventos",Demo1,CashOnDeivery,Received,111.47
683,"2021-03-03 17:31:34",3,"SANTA SORATTA Cocina & Eventos",Demo1,CashOnDeivery,Received,111.47
684,"2021-03-03 17:38:00",3,"SANTA SORATTA Cocina & Eventos",Demo1,CashOnDeivery,Received,102.23
685,"2021-03-03 17:39:19",3,"SANTA SORATTA Cocina & Eventos",Demo1,CashOnDeivery,Received,102.23
686,"2021-03-03 19:08:28",3,"SANTA SORATTA Cocina & Eventos",Demo1,CashOnDeivery,Received,296.27
687,"2021-03-11 16:41:55",3,"SANTA SORATTA Cocina & Eventos",Demo1,CashOnDeivery,Received,1712.40
688,"2021-04-09 13:36:03",5,"Can Alegria Paris",Demo1,"FW: FLW-MOCK-44815ba90c236293f5987d6ce8742a4c",Received,10.49
689,"2021-04-09 13:52:02",5,"Can Alegria Paris",Demo1,"Payment BRL10.48 Stripe:pi_1IeJz6DH83e5vZsDMcWmI4lY",Received,10.49
